"DEPRECATION_ID","DEPRECATION_DATE","CHANGE_ID","OBJECT_TABLE_NAME","OBJECT_CODE","REPLACED_BY","DEPRECATION_REASON"
2,2001-08-15 00:00:00,2001.223,Coordinate_Operation,8563,1670,Replaced concatenated tfm with zero step by single tfm.
3,2001-08-15 00:00:00,2001.222,Coordinate_Operation,8457,1676,Replaced concatenated tfm with zero step by single tfm.
4,2001-08-15 00:00:00,2001.222,Coordinate_Operation,8236,1675,Replaced concatenated tfm with zero step by single tfm.
5,2001-08-15 00:00:00,2001.222,Coordinate_Operation,8183,1677,Replaced concatenated tfm with zero step by single tfm.
6,2001-08-15 00:00:00,2001.222,Coordinate_Operation,8195,1680,Replaced concatenated tfm with zero step by single tfm.
7,2001-08-15 00:00:00,2001.222,Coordinate_Operation,8199,1679,Replaced concatenated tfm with zero step by single tfm.
8,2001-08-15 00:00:00,2001.222,Coordinate_Operation,8234,1673,Replaced concatenated tfm with zero step by single tfm.
9,2001-08-15 00:00:00,2001.222,Coordinate_Operation,8567,1681,Replaced concatenated tfm with zero step by single tfm.
10,2001-08-15 00:00:00,2001.222,Coordinate_Operation,8572,1672,Replaced concatenated tfm with zero step by single tfm.
11,2001-08-15 00:00:00,2001.222,Coordinate_Operation,8573,1671,Replaced concatenated tfm with zero step by single tfm.
12,2001-08-15 00:00:00,2001.222,Coordinate_Operation,8580,1678,Replaced concatenated tfm with zero step by single tfm.
13,2001-08-15 00:00:00,2001.221,Coordinate_Operation,8396,1665,Replaced concatenated tfm with zero step by single tfm.
14,2001-08-15 00:00:00,2001.221,Coordinate_Operation,8400,1666,Replaced concatenated tfm with zero step by single tfm.
15,2001-08-15 00:00:00,2001.221,Coordinate_Operation,8576,1667,Replaced concatenated tfm with zero step by single tfm.
16,2001-08-15 00:00:00,2001.221,Coordinate_Operation,8577,1668,Replaced concatenated tfm with zero step by single tfm.
17,2001-08-15 00:00:00,2001.221,Coordinate_Operation,8194,1669,Replaced concatenated tfm with zero step by single tfm.
18,2001-08-15 00:00:00,2001.221,Coordinate_Operation,8190,1665,Replaced concatenated tfms with zero step by single tfm with 1m accuracy.
19,2001-08-15 00:00:00,2001.221,Coordinate_Operation,8192,1669,Replaced concatenated tfm with zero step by single tfm with 1m accuracy.
20,2001-08-15 00:00:00,2001.221,Coordinate_Operation,8398,1667,Replaced concatenated tfm with zero step by single tfm with 1m accuracy.
21,2001-08-15 00:00:00,2001.221,Coordinate_Operation,8408,1666,Replaced concatenated tfm with zero step by single tfm with 1m accuracy.
22,2001-08-15 00:00:00,2001.221,Coordinate_Operation,8453,1667,Replaced concatenated tfm with zero step by single tfm with 1m accuracy.
23,2001-08-15 00:00:00,2001.221,Coordinate_Operation,8454,1668,Replaced concatenated tfm with zero step by single tfm with 1m accuracy.
24,2001-08-15 00:00:00,2001.221,Coordinate_Operation,8560,1669,Replaced concatenated tfm with zero step by single tfm with 1m accuracy.
25,2001-08-15 00:00:00,2001.221,Coordinate_Operation,8578,1665,Replaced concatenated tfm with zero step by single tfms with 1m accuracy.
26,2001-08-15 00:00:00,2001.221,Coordinate_Operation,8579,1669,Replaced concatenated tfm with zero step by single tfm with 1m accuracy.
27,2001-10-04 00:00:00,2001.121,Coordinate_Operation,1510,1766,NMA has reduced precision with which it quotes parameter values for this tfm.
28,2001-10-04 00:00:00,2001.45,Coordinate_Operation,14100,15302,Error in parameter values for easting and northing at grid origin.
29,2001-10-04 00:00:00,2001.45,Coordinate_Operation,11631,15303,Error in parameter value for latitude of 2nd standard parallel.
30,2001-08-28 00:00:00,2001.37,Coordinate_Operation,1508,1753,Incorrect unit assigned to scale difference parameter value.
32,2001-06-05 00:00:00,2001.07,Ellipsoid,7035,7047,"Changed from general ""Sphere"" to specific ""GRS 1980 Authalic Sphere""."
33,2001-06-25 00:00:00,2001.19,Ellipsoid,7047,7048,Incorrect radius (semi-major and semi-minor axes).
34,2001-06-21 00:00:00,2001.07,Datum,6035,6047,"Name changed to reflect use of specific ""GRS 1980 Authalic Sphere"" rather than general ""Sphere""."
35,1997-11-13 00:00:00,97.372,Datum,5107,5118,Replace this general name to specific.
39,2001-08-28 00:00:00,2001.32,Coordinate Reference System,2156,2195,ProjCRS 2156 invalid as linked to projection in wrong hemisphere and has wrong name.
40,2001-08-28 00:00:00,2001.32,Coordinate_Operation,15300,15301,Longitude of natural origin has incorrect value (wrong hemisphere).
41,2001-08-28 00:00:00,2001.3,Coordinate Reference System,2291,2292,Source geogCRS code is in error.
42,2001-06-05 00:00:00,2001.07,Coordinate Reference System,4035,4047,"Changed from general ""Sphere"" to specific ""GRS 1980 Authalic Sphere""."
43,2001-08-28 00:00:00,2001.47,Datum,6226,6142,Does not exist except as an alias of 6142 and 6143.
44,2001-06-05 00:00:00,2001.11,Coordinate Reference System,4226,4142,Does not exist except as an alias of 4142 and 4143.
45,2001-06-05 00:00:00,2001.181,Coordinate Reference System,31461,,ProjCRS zone not used.
46,2001-06-05 00:00:00,2001.181,Coordinate Reference System,31462,31466,ProjCRS related to inappropriate coordinate system resulting in incorrect axes and name.
47,2001-06-05 00:00:00,2001.181,Coordinate Reference System,31463,31467,ProjCRS related to inappropriate coordinate system resulting in incorrect axes and name.
48,2001-06-05 00:00:00,2001.181,Coordinate Reference System,31464,31468,ProjCRS related to inappropriate coordinate system resulting in incorrect axes and name.
49,2001-06-05 00:00:00,2001.181,Coordinate Reference System,31465,31469,ProjCRS related to inappropriate coordinate system resulting in incorrect axes and name.
50,2001-06-05 00:00:00,2001.18,Coordinate Reference System,31265,31275,ProjCRS related to inappropriate projection (coordinate operation) and CS resulting in incorrect scale factor and axes order and abbreviation.
51,2001-06-05 00:00:00,2001.18,Coordinate Reference System,31266,31276,ProjCRS related to inappropriate projection (coordinate operation) and CS resulting in incorrect scale factor and axes order and abbreviation.
52,2001-08-15 00:00:00,2001.227,Coordinate_Operation,8564,1691,Replaced concatenated tfm with zero step by single tfm.
53,2001-08-15 00:00:00,2001.227,Coordinate_Operation,8404,1692,Replaced concatenated tfm with zero step by single tfm.
54,2001-08-15 00:00:00,2001.227,Coordinate_Operation,8565,1692,Replaced concatenated tfm with zero step by single tfm.
55,2001-08-15 00:00:00,2001.227,Coordinate_Operation,8243,1693,Replaced concatenated tfm with zero step by single tfm.
56,2001-08-15 00:00:00,2001.227,Coordinate_Operation,8245,1693,Replaced concatenated tfm with zero step by single tfm.
57,2001-08-15 00:00:00,2001.227,Coordinate_Operation,8574,1694,Replaced concatenated tfm with zero step by single tfm.
58,2001-08-15 00:00:00,2001.227,Coordinate_Operation,8575,1695,Replaced concatenated tfm with zero step by single tfm.
59,2001-08-15 00:00:00,2001.227,Coordinate_Operation,8566,1696,Replaced concatenated tfm with zero step by single tfm.
60,2001-08-15 00:00:00,2001.227,Coordinate_Operation,8421,1697,Replaced concatenated tfm with zero step by single tfm.
61,2001-08-15 00:00:00,2001.227,Coordinate_Operation,8388,1698,Replaced concatenated tfm with zero step by single tfm.
62,2001-08-15 00:00:00,2001.227,Coordinate_Operation,8390,1699,Replaced concatenated tfm with zero step by single tfm.
63,2001-08-15 00:00:00,2001.227,Coordinate_Operation,8392,1700,Replaced concatenated tfm with zero step by single tfm.
64,2001-08-15 00:00:00,2001.227,Coordinate_Operation,8422,1702,Replaced concatenated tfm with zero step by single tfm.
65,2001-08-15 00:00:00,2001.226,Coordinate_Operation,8215,1683,Replaced concatenated tfm with zero step by single tfm.
66,2001-08-15 00:00:00,2001.226,Coordinate_Operation,8217,1684,Replaced concatenated tfm with zero step by single tfm.
67,2001-08-15 00:00:00,2001.226,Coordinate_Operation,8219,1685,Replaced concatenated tfm with zero step by single tfm.
68,2001-08-15 00:00:00,2001.226,Coordinate_Operation,8221,1686,Replaced concatenated tfm with zero step by single tfm.
69,2001-08-15 00:00:00,2001.226,Coordinate_Operation,8223,1687,Replaced concatenated tfm with zero step by single tfm.
70,2001-08-15 00:00:00,2001.225,Coordinate_Operation,8530,1682,Replaced concatenated tfm with zero step by single tfm.
71,2001-06-05 00:00:00,2001.18,Coordinate Reference System,31267,31277,ProjCRS related to inappropriate projection (coordinate operation) and CS resulting in incorrect scale factor and axes order and abbreviation.
72,2001-06-05 00:00:00,2001.18,Coordinate Reference System,31268,31278,ProjCRS related to inappropriate projection (coordinate operation) and CS resulting in incorrect scale factor and axes order and abbreviation.
73,2001-08-28 00:00:00,2001.31,Coordinate Reference System,31278,31279,ProjCRS related to incorrect projection.
74,2001-06-05 00:00:00,2001.182,Coordinate Reference System,31291,31281,ProjCRS related to inappropriate coordinate system resulting in incorrect axes.
75,2001-06-05 00:00:00,2001.182,Coordinate Reference System,31292,31282,ProjCRS related to inappropriate coordinate system resulting in incorrect axes.
76,2001-06-05 00:00:00,2001.182,Coordinate Reference System,31293,31283,ProjCRS related to inappropriate coordinate system resulting in incorrect axes.
77,2001-06-05 00:00:00,2001.182,Coordinate Reference System,31294,31284,ProjCRS related to inappropriate coordinate system resulting in incorrect axes.
78,2001-06-05 00:00:00,2001.182,Coordinate Reference System,31295,31285,ProjCRS related to inappropriate coordinate system resulting in incorrect axes.
79,2001-06-05 00:00:00,2001.182,Coordinate Reference System,31296,31286,ProjCRS related to inappropriate coordinate system resulting in incorrect axes.
80,2001-06-05 00:00:00,2001.182,Coordinate Reference System,31297,31287,ProjCRS related to inappropriate coordinate system resulting in incorrect axes.
81,2001-06-05 00:00:00,2001.183,Coordinate_Operation,1471,1618,Error in signs of all transformation parameter values and for scale factor also incorrect units.
82,2001-08-15 00:00:00,2001.122,Coordinate_Operation,1310,1674,Change of source CRS.
83,2001-08-28 00:00:00,2001.4,Coordinate_Operation,8497,,Invalid concatenation: area of use of steps 1 and 2 do not overlap.
84,2001-10-04 00:00:00,2001.39,Coordinate_Operation,1258,1755,Correction to name.
85,2001-10-04 00:00:00,2001.39,Coordinate_Operation,1259,1756,Correction to name.
86,2001-10-04 00:00:00,2001.39,Coordinate_Operation,1261,1757,Correction to name.
87,2001-10-04 00:00:00,2001.39,Coordinate_Operation,1263,1758,Correction to name.
88,2001-10-04 00:00:00,2001.39,Coordinate_Operation,1268,1759,Correction to name.
89,2001-10-04 00:00:00,2001.39,Coordinate_Operation,1269,1760,Correction to name.
90,2001-10-04 00:00:00,2001.39,Coordinate_Operation,1270,1761,Correction to name.
91,2001-10-04 00:00:00,2001.39,Coordinate_Operation,1466,1762,Correction to name.
92,2001-10-04 00:00:00,2001.39,Coordinate_Operation,1467,1763,Correction to name.
93,2001-10-04 00:00:00,2001.39,Coordinate_Operation,1468,1764,Correction to name.
94,2001-10-04 00:00:00,2001.39,Coordinate_Operation,1519,1765,Correction to name.
95,2001-08-28 00:00:00,2001.38,Coordinate_Operation,1534,1754,Incorrect unit assigned to scale difference parameter value.
96,2001-08-28 00:00:00,2001.35,Coordinate_Operation,1602,1752,Incorrect source geogCRS code assigned.
97,2001-08-28 00:00:00,2001.34,Coordinate_Operation,1571,1751,Incorrect source and target geogCRS codes assigned.
98,2001-08-28 00:00:00,2001.23,Coordinate_Operation,1567,1701,Incorrect parameter value for z-axis rotation.
99,2001-08-15 00:00:00,2001.228,Coordinate_Operation,8386,8582,Changed second step from zero to HARN.
100,2001-08-15 00:00:00,2001.228,Coordinate_Operation,8402,8583,Changed second step from zero to HARN.
101,2001-08-15 00:00:00,2001.227,Coordinate_Operation,8418,1688,Replaced concatenated tfm with zero step by single tfm.
102,2001-08-15 00:00:00,2001.227,Coordinate_Operation,8419,1689,Replaced concatenated tfm with zero step by single tfm.
103,2001-08-15 00:00:00,2001.227,Coordinate_Operation,8406,1690,Replaced concatenated tfm with zero step by single tfm.
104,2001-08-15 00:00:00,2001.227,Coordinate_Operation,8394,1691,Replaced concatenated tfm with zero step by single tfm.
105,2001-11-06 00:00:00,2001.48,Coordinate_Operation,19908,19972,Change name.
106,2001-08-28 00:00:00,2001.48,Coordinate Reference System,29900,29902,Change name.
107,2001-06-05 00:00:00,2001.181,Area,1628,,Invalid area - country does not extend into this longitude range..
108,2001-08-15 00:00:00,2001.227,Coordinate_Operation,8420,1703,Replaced concatenated tfm with zero step by single tfm.
109,2001-08-28 00:00:00,2001.32,Coordinate Reference System,2155,2194,Dependent upon deprecated coordinate operation 15300.
112,2001-08-15 00:00:00,2001.221,Coordinate_Operation,8190,1666,Replaced concatenated tfms with zero step by single tfm with 1m accuracy.
117,1997-11-13 00:00:00,97.372,Datum,5107,5120,Replace this general name to specific.
135,2001-08-15 00:00:00,2001.221,Coordinate_Operation,8190,1667,Replaced concatenated tfms with zero step by single tfm with 1m accuracy.
142,2001-08-15 00:00:00,2001.221,Coordinate_Operation,8578,1666,Replaced concatenated tfm with zero step by single tfms with 1m accuracy.
160,2001-08-28 00:00:00,2001.47,Datum,6226,6143,Does not exist except as an alias of 6142 and 6143.
161,2001-06-05 00:00:00,2001.11,Coordinate Reference System,4226,4143,Does not exist except as an alias of 4142 and 4143.
229,2001-08-15 00:00:00,2001.221,Coordinate_Operation,8190,1668,Replaced concatenated tfms with zero step by single tfm with 1m accuracy.
233,1997-11-13 00:00:00,97.372,Datum,5107,5119,Replace this general name to specific.
237,2001-11-06 00:00:00,2001.53,Datum,6172,6190,Original name POSGAR is ambiguous given 1994 and 1998 adjustments.
240,2001-11-06 00:00:00,2001.53,Coordinate Reference System,4172,4190,Original name POSGAR is ambiguous given 1994 and 1998 adjustments.
242,2001-11-06 00:00:00,2001.53,Coordinate_Operation,1598,1773,Dependent upon deprecated source CRS 4172.
244,2001-11-06 00:00:00,2001.54,Coordinate Reference System,27581,27571,Changed projCRS name.
245,2001-11-06 00:00:00,2001.54,Coordinate Reference System,27582,27572,Changed projCRS name.
246,2001-11-06 00:00:00,2001.54,Coordinate Reference System,27583,27573,Changed projCRS name.
247,2001-11-06 00:00:00,2001.54,Coordinate Reference System,27584,27574,Changed projCRS name.
248,2001-11-06 00:00:00,2001.54,Coordinate Reference System,27591,27561,Changed projCRS name.
249,2001-11-06 00:00:00,2001.54,Coordinate Reference System,27592,27562,Changed projCRS name.
250,2001-11-06 00:00:00,2001.54,Coordinate Reference System,27593,27563,Changed projCRS name.
251,2001-11-06 00:00:00,2001.54,Coordinate Reference System,27594,27564,Changed projCRS name.
260,2001-11-06 00:00:00,2001.54,Coordinate Reference System,7401,7411,Dependent projCRS name changed.
261,2001-11-06 00:00:00,2001.54,Coordinate Reference System,7402,7412,Dependent projCRS name changed.
262,2001-11-06 00:00:00,2001.54,Coordinate Reference System,7403,7413,Dependent projCRS name changed.
266,2001-01-21 00:00:00,2001.15,Ellipsoid,7006,7046,Change of axis unit from International metre to German Legal Metre to reflect local usage.
268,2001-11-06 00:00:00,2001.45,Coordinate Reference System,32036,2204,Dependent map projection 11631 in error.
270,2001-11-06 00:00:00,2001.45,Coordinate Reference System,26979,2205,Dependent map projection 14100 in error.
272,2002-01-18 00:00:00,2001.03,Coordinate_Operation,1656,1791,EPSG copy of ITRF tfm superseded by direct tfm.
273,2002-01-18 00:00:00,2001.03,Coordinate_Operation,1658,,EPSG copy of ITRF transformation superseded by tfm code 1793.
274,2002-01-18 00:00:00,2002.01,Datum,6228,6192,Incorrect ellipsoid attached.
276,2002-01-18 00:00:00,2002.01,Datum,6260,6193,Incorrect ellipsoid attached.
278,2002-01-18 00:00:00,2002.01,Coordinate Reference System,4228,4192,Dependent datum 6228 in error.
280,2002-01-18 00:00:00,2002.01,Coordinate Reference System,4260,4193,Dependent datum 6260 in error.
282,2002-01-18 00:00:00,2002.01,Coordinate Reference System,22832,2214,Dependent geogCRS 4228 deprecated due to datum error.
285,2002-01-18 00:00:00,2001.17,Datum,6287,6194,Change of name.
287,2002-01-18 00:00:00,2001.17,Coordinate Reference System,4287,4194,Change of name (adjustment date added).
288,2002-01-18 00:00:00,2001.17,Coordinate_Operation,1211,1797,Dependent source CRS name changed.
289,2002-02-12 00:00:00,2002.06,Coordinate_Operation,1559,1593,8-bit binary grid file format inconsistent with NTv2 16-bit format.
290,2002-02-12 00:00:00,2002.01,Datum,6234,6197,Incorrect ellipsoid attached.
291,2002-02-12 00:00:00,2002.21,Coordinate Reference System,32074,32064,Change name to include unit abbreviation per US State Plane CRSs.
294,2002-02-12 00:00:00,2002.21,Coordinate Reference System,32075,32065,Change name to include unit abbreviation per US State Plane CRSs.
295,2002-02-12 00:00:00,2002.21,Coordinate Reference System,32076,32066,Change name to include unit abbreviation per US State Plane CRSs.
296,2002-02-12 00:00:00,2002.21,Coordinate Reference System,32077,32067,Change name to include unit abbreviation per US State Plane CRSs.
297,2002-03-15 00:00:00,2002.29,Coordinate_Operation,1819,1754,Duplication of data already given in transformation 1754.
298,2002-06-22 00:00:00,2002.16,Coordinate Reference System,5704,5736,Change of name following readjustment.
299,2002-06-22 00:00:00,2002.16,Coordinate Reference System,21473,21453,Change of CRS name to indicate longitude of origin.
300,2002-06-22 00:00:00,2002.16,Coordinate Reference System,21474,21454,Change of CRS name to indicate longitude of origin.
301,2002-06-22 00:00:00,2002.16,Coordinate Reference System,21475,21455,Change of CRS name to indicate longitude of origin.
302,2002-06-22 00:00:00,2002.16,Coordinate Reference System,21476,21456,Change of CRS name to indicate longitude of origin.
303,2002-06-22 00:00:00,2002.16,Coordinate Reference System,21477,21457,Change of CRS name to indicate longitude of origin.
304,2002-06-22 00:00:00,2002.16,Coordinate Reference System,21478,21458,Change of CRS name to indicate longitude of origin.
305,2002-06-22 00:00:00,2002.16,Coordinate Reference System,21479,21459,Change of CRS name to indicate longitude of origin.
306,2002-06-22 00:00:00,2002.16,Coordinate Reference System,21480,21460,Change of CRS name to indicate longitude of origin.
307,2002-06-22 00:00:00,2002.16,Coordinate Reference System,21481,21461,Change of CRS name to indicate longitude of origin.
308,2002-06-22 00:00:00,2002.16,Coordinate Reference System,21482,21462,Change of CRS name to indicate longitude of origin.
309,2002-06-22 00:00:00,2002.16,Coordinate Reference System,21483,21463,Change of CRS name to indicate longitude of origin.
311,2002-06-22 00:00:00,2002.36,Coordinate Reference System,2199,2462,Added hyphen to Gauss-Kruger in CRS name.
312,2002-06-22 00:00:00,2002.36,Coordinate Reference System,2166,2397,Added hyphen to Gauss-Kruger in CRS name.
313,2002-06-22 00:00:00,2002.36,Coordinate Reference System,2167,2398,Added hyphen to Gauss-Kruger in CRS name.
314,2002-06-22 00:00:00,2002.36,Coordinate Reference System,2168,2399,Added hyphen to Gauss-Kruger in CRS name.
315,2002-06-22 00:00:00,2002.36,Coordinate Reference System,2091,2395,Added hyphen to Gauss-Kruger in CRS name.
316,2002-06-22 00:00:00,2002.36,Coordinate Reference System,2092,2396,Added hyphen to Gauss-Kruger in CRS name.
317,2002-06-22 00:00:00,2002.36,Coordinate Reference System,20092,2491,Change of CRS name to indicate longitude of origin.
318,2002-06-22 00:00:00,2002.36,Coordinate Reference System,20091,2490,Change of CRS name to indicate longitude of origin.
319,2002-06-22 00:00:00,2002.36,Coordinate Reference System,20090,2489,Change of CRS name to indicate longitude of origin.
320,2002-06-22 00:00:00,2002.36,Coordinate Reference System,20089,2488,Change of CRS name to indicate longitude of origin.
321,2002-06-22 00:00:00,2002.36,Coordinate Reference System,20088,2487,Change of CRS name to indicate longitude of origin.
322,2002-06-22 00:00:00,2002.36,Coordinate Reference System,20087,2486,Change of CRS name to indicate longitude of origin.
323,2002-06-22 00:00:00,2002.36,Coordinate Reference System,20086,2485,Change of CRS name to indicate longitude of origin.
324,2002-06-22 00:00:00,2002.36,Coordinate Reference System,20085,2484,Change of CRS name to indicate longitude of origin.
325,2002-06-22 00:00:00,2002.36,Coordinate Reference System,20084,2483,Change of CRS name to indicate longitude of origin.
326,2002-06-22 00:00:00,2002.36,Coordinate Reference System,20083,2482,Change of CRS name to indicate longitude of origin.
327,2002-06-22 00:00:00,2002.36,Coordinate Reference System,20082,2481,Change of CRS name to indicate longitude of origin.
328,2002-06-22 00:00:00,2002.36,Coordinate Reference System,20081,2480,Change of CRS name to indicate longitude of origin.
329,2002-06-22 00:00:00,2002.36,Coordinate Reference System,20080,2479,Change of CRS name to indicate longitude of origin.
330,2002-06-22 00:00:00,2002.36,Coordinate Reference System,20079,2478,Change of CRS name to indicate longitude of origin.
331,2002-06-22 00:00:00,2002.36,Coordinate Reference System,20078,2477,Change of CRS name to indicate longitude of origin.
332,2002-06-22 00:00:00,2002.36,Coordinate Reference System,20077,2476,Change of CRS name to indicate longitude of origin.
333,2002-06-22 00:00:00,2002.36,Coordinate Reference System,20076,2475,Change of CRS name to indicate longitude of origin.
334,2002-06-22 00:00:00,2002.36,Coordinate Reference System,20075,2474,Change of CRS name to indicate longitude of origin.
335,2002-06-22 00:00:00,2002.36,Coordinate Reference System,20074,2473,Change of CRS name to indicate longitude of origin.
336,2002-06-22 00:00:00,2002.36,Coordinate Reference System,20073,2472,Change of CRS name to indicate longitude of origin.
337,2002-06-22 00:00:00,2002.36,Coordinate Reference System,20072,2471,Change of CRS name to indicate longitude of origin.
338,2002-06-22 00:00:00,2002.36,Coordinate Reference System,20071,2470,Change of CRS name to indicate longitude of origin.
339,2002-06-22 00:00:00,2002.36,Coordinate Reference System,20070,2469,Change of CRS name to indicate longitude of origin.
340,2002-06-22 00:00:00,2002.36,Coordinate Reference System,20069,2468,Change of CRS name to indicate longitude of origin.
341,2002-06-22 00:00:00,2002.36,Coordinate Reference System,20068,2467,Change of CRS name to indicate longitude of origin.
342,2002-06-22 00:00:00,2002.36,Coordinate Reference System,20067,2466,Change of CRS name to indicate longitude of origin.
343,2002-06-22 00:00:00,2002.36,Coordinate Reference System,20066,2465,Change of CRS name to indicate longitude of origin.
344,2002-06-22 00:00:00,2002.36,Coordinate Reference System,20065,2464,Change of CRS name to indicate longitude of origin.
345,2002-06-22 00:00:00,2002.36,Coordinate Reference System,20064,2463,Change of CRS name to indicate longitude of origin.
346,2002-06-22 00:00:00,2002.36,Coordinate Reference System,28462,2492,Change of CRS name to indicate longitude of origin.
347,2002-06-22 00:00:00,2002.36,Coordinate Reference System,28463,2493,Change of CRS name to indicate longitude of origin.
348,2002-06-22 00:00:00,2002.36,Coordinate Reference System,28464,2494,Change of CRS name to indicate longitude of origin.
349,2002-06-22 00:00:00,2002.36,Coordinate Reference System,28465,2495,Change of CRS name to indicate longitude of origin.
350,2002-06-22 00:00:00,2002.36,Coordinate Reference System,28466,2496,Change of CRS name to indicate longitude of origin.
351,2002-06-22 00:00:00,2002.36,Coordinate Reference System,28467,2497,Change of CRS name to indicate longitude of origin.
352,2002-06-22 00:00:00,2002.36,Coordinate Reference System,28468,2498,Change of CRS name to indicate longitude of origin.
353,2002-06-22 00:00:00,2002.36,Coordinate Reference System,28469,2499,Change of CRS name to indicate longitude of origin.
354,2002-06-22 00:00:00,2002.36,Coordinate Reference System,28470,2500,Change of CRS name to indicate longitude of origin.
355,2002-06-22 00:00:00,2002.36,Coordinate Reference System,28471,2501,Change of CRS name to indicate longitude of origin.
356,2002-06-22 00:00:00,2002.36,Coordinate Reference System,28472,2502,Change of CRS name to indicate longitude of origin.
357,2002-06-22 00:00:00,2002.36,Coordinate Reference System,28473,2503,Change of CRS name to indicate longitude of origin.
358,2002-06-22 00:00:00,2002.36,Coordinate Reference System,28474,2504,Change of CRS name to indicate longitude of origin.
359,2002-06-22 00:00:00,2002.36,Coordinate Reference System,28475,2505,Change of CRS name to indicate longitude of origin.
360,2002-06-22 00:00:00,2002.36,Coordinate Reference System,28476,2506,Change of CRS name to indicate longitude of origin.
361,2002-06-22 00:00:00,2002.36,Coordinate Reference System,28477,2507,Change of CRS name to indicate longitude of origin.
362,2002-06-22 00:00:00,2002.36,Coordinate Reference System,28478,2508,Change of CRS name to indicate longitude of origin.
363,2002-06-22 00:00:00,2002.36,Coordinate Reference System,28479,2509,Change of CRS name to indicate longitude of origin.
364,2002-06-22 00:00:00,2002.36,Coordinate Reference System,28480,2510,Change of CRS name to indicate longitude of origin.
365,2002-06-22 00:00:00,2002.36,Coordinate Reference System,28481,2511,Change of CRS name to indicate longitude of origin.
366,2002-06-22 00:00:00,2002.36,Coordinate Reference System,28482,2512,Change of CRS name to indicate longitude of origin.
367,2002-06-22 00:00:00,2002.36,Coordinate Reference System,28483,2513,Change of CRS name to indicate longitude of origin.
368,2002-06-22 00:00:00,2002.36,Coordinate Reference System,28484,2514,Change of CRS name to indicate longitude of origin.
369,2002-06-22 00:00:00,2002.36,Coordinate Reference System,28485,2515,Change of CRS name to indicate longitude of origin.
370,2002-06-22 00:00:00,2002.36,Coordinate Reference System,28486,2516,Change of CRS name to indicate longitude of origin.
371,2002-06-22 00:00:00,2002.36,Coordinate Reference System,28487,2517,Change of CRS name to indicate longitude of origin.
372,2002-06-22 00:00:00,2002.36,Coordinate Reference System,28488,2518,Change of CRS name to indicate longitude of origin.
373,2002-06-22 00:00:00,2002.36,Coordinate Reference System,28489,2519,Change of CRS name to indicate longitude of origin.
374,2002-06-22 00:00:00,2002.36,Coordinate Reference System,28490,2520,Change of CRS name to indicate longitude of origin.
375,2002-06-22 00:00:00,2002.36,Coordinate Reference System,28491,2521,Change of CRS name to indicate longitude of origin.
376,2002-06-22 00:00:00,2002.36,Coordinate Reference System,28492,2522,Change of CRS name to indicate longitude of origin.
377,2002-06-22 00:00:00,2002.32,Coordinate_Operation,1316,1796,Change of source CRS name.
378,2002-06-22 00:00:00,2002.4,Coordinate_Operation,1335,1827,Incorrect unit for latitude offset.
379,2002-06-22 00:00:00,2002.37,Coordinate_Operation,1273,1829,Incorrect sign of transformation parameter values for direction of transformation.
380,2002-06-22 00:00:00,2002.37,Coordinate_Operation,1677,1830,Error in in sign of dX relative to source transformation 1273. Incorrect sign of transformation parameter values (other than dX) for direction of transformation.
381,2002-06-22 00:00:00,2002.151,Datum,6294,6613,Change of spelling of name.
382,2002-06-22 00:00:00,2002.151,Coordinate Reference System,4294,4613,Change of spelling of name.
383,2002-06-22 00:00:00,2002.151,Coordinate_Operation,1286,1834,Change of spelling of name of source CRS.
384,2002-06-22 00:00:00,2002.151,Datum,6125,6613,Not a self-standing datum but an extension of the Segara datum.
385,2002-06-22 00:00:00,2002.151,Coordinate Reference System,4125,4613,Samboja is not a separate geogCRS but an extension of the Segara CRS.
386,2002-06-22 00:00:00,2002.151,Coordinate_Operation,1282,1838,Change of name of source CRS
387,2002-06-22 00:00:00,2002.151,Coordinate Reference System,2550,2933,Change name of source geogCRS.
388,2002-07-13 00:00:00,2002.25,Datum,6185,6615,Information from Portugal suggests EuroGeographics information is incomplete.
389,2002-07-13 00:00:00,2002.25,Datum,6185,6616,Information from Portugal suggests EuroGeographics information is incomplete.
390,2002-07-13 00:00:00,2002.25,Coordinate Reference System,4185,4615,Information from Portugal suggests EuroGeographics information is incomplete.
391,2002-07-13 00:00:00,2002.25,Coordinate Reference System,4185,4616,Information from Portugal suggests EuroGeographics information is incomplete.
392,2002-07-13 00:00:00,2002.25,Coordinate Reference System,2191,2942,Information from Portugal suggests EuroGeographics information is incomplete.
393,2002-07-13 00:00:00,2002.25,Coordinate Reference System,2191,2943,Information from Portugal suggests EuroGeographics information is incomplete.
394,2002-07-13 00:00:00,2002.41,Coordinate_Operation,1473,1842,Change of Source CRS name
395,2002-07-13 00:00:00,2002.41,Coordinate_Operation,1472,1841,Change in Target CRS name.
396,2002-07-13 00:00:00,2002.41,Coordinate_Operation,1599,1846,Change in Target CRS name.
397,2002-07-13 00:00:00,2002.41,Coordinate_Operation,1574,1844,Change in Target CRS name.
398,2002-07-13 00:00:00,2002.41,Coordinate_Operation,1600,1847,Change in Target CRS name.
399,2002-07-13 00:00:00,2002.41,Coordinate_Operation,8584,8635,Change in Target CRS name.
400,2002-07-13 00:00:00,2002.41,Coordinate_Operation,1576,1845,Change in Target CRS name.
401,2002-07-13 00:00:00,2002.41,Coordinate_Operation,1572,1843,Change in Target CRS name.
402,2002-07-13 00:00:00,2002.41,Coordinate_Operation,1601,1848,Change in Target CRS name.
403,2002-07-13 00:00:00,2002.41,Coordinate_Operation,1752,1849,Change in Target CRS name.
404,2002-07-13 00:00:00,2002.41,Coordinate Reference System,4140,4617,Change of CRS name to accord with revised Geomatics Canada practice.
405,2002-07-13 00:00:00,2002.41,Coordinate Reference System,2147,2952,Change of geogCRS name to accord with revised Geomatics Canada practice.
406,2002-07-13 00:00:00,2002.41,Coordinate Reference System,2140,2945,Change of geogCRS name to accord with revised Geomatics Canada practice.
407,2002-07-13 00:00:00,2002.41,Coordinate Reference System,2141,2946,Change of geogCRS name to accord with revised Geomatics Canada practice.
408,2002-07-13 00:00:00,2002.41,Coordinate Reference System,2142,2947,Change of geogCRS name to accord with revised Geomatics Canada practice.
409,2002-07-13 00:00:00,2002.41,Coordinate Reference System,2143,2948,Change of geogCRS name to accord with revised Geomatics Canada practice.
410,2002-07-13 00:00:00,2002.41,Coordinate Reference System,2144,2949,Change of geogCRS name to accord with revised Geomatics Canada practice.
411,2002-07-13 00:00:00,2002.41,Coordinate Reference System,2145,2950,Change of geogCRS name to accord with revised Geomatics Canada practice.
412,2002-07-13 00:00:00,2002.41,Coordinate Reference System,2146,2951,Change of geogCRS name to accord with revised Geomatics Canada practice.
413,2002-07-13 00:00:00,2002.41,Coordinate Reference System,2036,2953,Change of geogCRS name to accord with revised Geomatics Canada practice.
414,2002-07-13 00:00:00,2002.41,Coordinate Reference System,2292,2954,Change of geogCRS name to accord with revised Geomatics Canada practice.
415,2002-07-13 00:00:00,2002.41,Coordinate Reference System,2139,2944,Change of geogCRS name to accord with revised Geomatics Canada practice.
416,2002-07-13 00:00:00,2002.41,Coordinate Reference System,2153,2955,Change of geogCRS name to accord with revised Geomatics Canada practice.
417,2002-07-13 00:00:00,2002.41,Coordinate Reference System,2152,2956,Change of geogCRS name to accord with revised Geomatics Canada practice.
418,2002-07-13 00:00:00,2002.41,Coordinate Reference System,2151,2957,Change of geogCRS name to accord with revised Geomatics Canada practice.
419,2002-07-13 00:00:00,2002.41,Coordinate Reference System,2150,2958,Change of geogCRS name to accord with revised Geomatics Canada practice.
420,2002-07-13 00:00:00,2002.41,Coordinate Reference System,2149,2959,Change of geogCRS name to accord with revised Geomatics Canada practice.
421,2002-07-13 00:00:00,2002.41,Coordinate Reference System,2037,2960,Change of geogCRS name to accord with revised Geomatics Canada practice.
422,2002-07-13 00:00:00,2002.41,Coordinate Reference System,2038,2961,Change of geogCRS name to accord with revised Geomatics Canada practice.
423,2002-07-13 00:00:00,2002.41,Coordinate Reference System,2148,2962,Change of geogCRS name to accord with revised Geomatics Canada practice.
424,2002-02-12 00:00:00,2002.01,Coordinate Reference System,4234,4197,Dependent datum 6228 deprecated due to ellipsoid error.
425,2002-02-12 00:00:00,2002.01,Coordinate Reference System,23433,2312,Dependent geogCRS 4234 deprecated due to ellipsoid error.
426,2002-07-13 00:00:00,2002.41,Area,1336,2784,Expansion of area of use.
427,2002-09-13 00:00:00,2002.5,Datum,6291,6618,Correction of ellipsoid 1/f to 2 decimal places exactly.
428,2002-09-13 00:00:00,2002.5,Coordinate Reference System,4291,4618,Deprecation of geodetic datum following correction of ellipsoid 1/f to 2 decimal places exactly.
429,2002-09-13 00:00:00,2002.5,Coordinate Reference System,29100,29101,Deprecation of source geogCRS following correction of ellipsoid 1/f to 2 decimal places exactly.
430,2002-09-13 00:00:00,2002.5,Coordinate Reference System,29177,29187,Deprecation of source geogCRS following correction of ellipsoid 1/f to 2 decimal places exactly.
432,2002-09-13 00:00:00,2002.5,Coordinate Reference System,29118,29168,Deprecation of source geogCRS following correction of ellipsoid 1/f to 2 decimal places exactly.
433,2002-09-13 00:00:00,2002.5,Coordinate Reference System,29185,29195,Deprecation of source geogCRS following correction of ellipsoid 1/f to 2 decimal places exactly.
434,2002-09-13 00:00:00,2002.5,Coordinate Reference System,29184,29194,Deprecation of source geogCRS following correction of ellipsoid 1/f to 2 decimal places exactly.
435,2002-09-13 00:00:00,2002.5,Coordinate Reference System,29183,29193,Deprecation of source geogCRS following correction of ellipsoid 1/f to 2 decimal places exactly.
436,2002-09-13 00:00:00,2002.5,Coordinate Reference System,29182,29192,Deprecation of source geogCRS following correction of ellipsoid 1/f to 2 decimal places exactly.
437,2002-09-13 00:00:00,2002.5,Coordinate Reference System,29181,29191,Deprecation of source geogCRS following correction of ellipsoid 1/f to 2 decimal places exactly.
438,2002-09-13 00:00:00,2002.5,Coordinate Reference System,29180,29190,Deprecation of source geogCRS following correction of ellipsoid 1/f to 2 decimal places exactly.
439,2002-09-13 00:00:00,2002.5,Coordinate Reference System,29179,29189,Deprecation of source geogCRS following correction of ellipsoid 1/f to 2 decimal places exactly.
440,2002-09-13 00:00:00,2002.5,Coordinate Reference System,29178,29188,Deprecation of source geogCRS following correction of ellipsoid 1/f to 2 decimal places exactly.
441,2002-09-13 00:00:00,2002.5,Coordinate Reference System,29122,29172,Deprecation of source geogCRS following correction of ellipsoid 1/f to 2 decimal places exactly.
442,2002-09-13 00:00:00,2002.5,Coordinate Reference System,29121,29171,Deprecation of source geogCRS following correction of ellipsoid 1/f to 2 decimal places exactly.
443,2002-09-13 00:00:00,2002.5,Coordinate Reference System,29120,29170,Deprecation of source geogCRS following correction of ellipsoid 1/f to 2 decimal places exactly.
444,2002-09-13 00:00:00,2002.5,Coordinate Reference System,29119,29169,Deprecation of source geogCRS following correction of ellipsoid 1/f to 2 decimal places exactly.
445,2002-09-13 00:00:00,2002.5,Coordinate_Operation,1212,1864,Deprecation of source CRS following correction of ellipsoid 1/f to 2 decimal places exactly.
446,2002-09-13 00:00:00,2002.5,Coordinate_Operation,1213,1865,Deprecation of source CRS following correction of ellipsoid 1/f to 2 decimal places exactly.
447,2002-09-13 00:00:00,2002.5,Coordinate_Operation,1214,1866,Deprecation of source CRS following correction of ellipsoid 1/f to 2 decimal places exactly.
448,2002-09-13 00:00:00,2002.5,Coordinate_Operation,1215,1867,Deprecation of source CRS following correction of ellipsoid 1/f to 2 decimal places exactly.
449,2002-09-13 00:00:00,2002.5,Coordinate_Operation,1216,1868,Deprecation of source CRS following correction of ellipsoid 1/f to 2 decimal places exactly.
450,2002-09-13 00:00:00,2002.5,Coordinate_Operation,1217,1869,Deprecation of source CRS following correction of ellipsoid 1/f to 2 decimal places exactly.
451,2002-09-13 00:00:00,2002.5,Coordinate_Operation,1218,1870,Deprecation of source CRS following correction of ellipsoid 1/f to 2 decimal places exactly.
452,2002-09-13 00:00:00,2002.5,Coordinate_Operation,1219,1871,Deprecation of source CRS following correction of ellipsoid 1/f to 2 decimal places exactly.
453,2002-09-13 00:00:00,2002.5,Coordinate_Operation,1220,1872,Deprecation of source CRS following correction of ellipsoid 1/f to 2 decimal places exactly.
454,2002-09-13 00:00:00,2002.5,Coordinate_Operation,1221,1873,Deprecation of source CRS following correction of ellipsoid 1/f to 2 decimal places exactly.
455,2002-09-13 00:00:00,2002.5,Coordinate_Operation,1222,1874,Deprecation of source CRS following correction of ellipsoid 1/f to 2 decimal places exactly.
456,2002-09-13 00:00:00,2002.5,Coordinate_Operation,1223,1875,Deprecation of source CRS following correction of ellipsoid 1/f to 2 decimal places exactly.
457,2002-09-13 00:00:00,2002.5,Coordinate_Operation,1224,1876,Deprecation of source CRS following correction of ellipsoid 1/f to 2 decimal places exactly.
458,2002-09-13 00:00:00,2002.5,Coordinate_Operation,1548,1877,Deprecation of source CRS following correction of ellipsoid 1/f to 2 decimal places exactly.
459,2002-09-19 00:00:00,2002.64,Area,1704,2787,Amendments to map projection.
460,2002-09-19 00:00:00,2002.64,Area,1705,2788,Amendments to map projection.
461,2002-09-19 00:00:00,2002.64,Coordinate_Operation,18133,18134,Error in scale factor value.
462,2002-09-19 00:00:00,2002.64,Coordinate Reference System,26193,26194,Projection on which this CRS is dependent deprecated due to error in scale factor.
463,2002-09-19 00:00:00,2002.62,Coordinate_Operation,1681,1040,Transformation from which this is taken has been superseded.
464,2002-09-19 00:00:00,2002.48,Coordinate_Operation,1787,1895,Error in signs of rotations.
465,2002-09-19 00:00:00,2002.48,Coordinate_Operation,1788,1896,Error in signs of rotations.
466,2002-10-13 00:00:00,2002.77,Coordinate_Operation,15326,15372,Error in false northing parameter value.
467,2002-10-13 00:00:00,2002.77,Coordinate_Operation,15327,15373,Error in false northing parameter value.
468,2002-10-13 00:00:00,2002.77,Coordinate Reference System,2245,2966,Dependent projection deprecated.
469,2002-10-13 00:00:00,2002.77,Coordinate Reference System,2244,2965,Dependent projection deprecated.
470,2002-10-13 00:00:00,2002.77,Coordinate Reference System,2889,2967,Dependent projection deprecated.
471,2002-10-13 00:00:00,2002.77,Coordinate Reference System,2890,2968,Dependent projection deprecated.
472,2002-11-18 00:00:00,2002.73,Coordinate_Operation,1834,1897,Incorrect source CRS - linked to a deprecated record instead of its replacement.
473,2002-11-18 00:00:00,2002.73,Coordinate_Operation,1835,1898,Incorrect source CRS - linked to a deprecated record instead of its replacement.
474,2002-11-18 00:00:00,2002.73,Coordinate_Operation,1836,1899,Incorrect source CRS - linked to a deprecated record instead of its replacement.
475,2002-11-18 00:00:00,2002.83,Coordinate_Operation,1308,1900,Incorrect source CRS.
476,2002-11-18 00:00:00,2002.83,Coordinate_Operation,1515,1901,Incorrect source CRS.
477,2002-12-07 00:00:00,2002.89,Coordinate Reference System,4327,4329,Change of CRS name
478,2002-11-29 00:00:00,2002.87,Datum,6235,6623,Incorrect name
479,2002-11-29 00:00:00,2002.87,Coordinate Reference System,4235,4623,Incorrect name.
480,2002-12-21 00:00:00,2002.75,Coordinate_Operation Method,9625,9645,Change to formula to accommodate scaling parameters.
481,2002-12-21 00:00:00,2002.75,Coordinate_Operation Method,9626,9646,Change to formula to accommodate scaling parameters.
482,2002-12-21 00:00:00,2002.75,Coordinate_Operation Method,9627,9647,Change to formula to accommodate scaling parameters.
483,2002-12-21 00:00:00,2002.75,Coordinate_Operation Method,9628,9649,Change to formula to accommodate scaling parameter and other conditions for reversibility (see GN7 version 19).
484,2002-12-21 00:00:00,2002.75,Coordinate_Operation Method,9629,9650,Change to formula to accommodate scaling parameter and other conditions for reversibility (see GN7 version 19).
485,2002-12-21 00:00:00,2002.75,Coordinate_Operation Method,9630,9651,Change to formula to accommodate scaling parameter and other conditions for reversibility (see GN7 version 19).
486,2002-12-21 00:00:00,2002.75,Coordinate_Operation Method,9631,9652,Change to formula to accommodate scaling parameters.
487,2002-12-21 00:00:00,2002.75,Coordinate_Operation Method,9632,9653,Change to formula to accommodate scaling parameters.
488,2002-12-21 00:00:00,2002.75,Coordinate_Operation,1025,1043,Coordinate operation (transformation) method deprecated and replaced.
489,2002-12-21 00:00:00,2002.75,Coordinate_Operation,1029,1044,Coordinate operation (transformation) method deprecated and replaced.
490,2002-12-21 00:00:00,2002.75,Coordinate_Operation,1030,1045,Coordinate operation (transformation) method deprecated and replaced.
491,2002-12-21 00:00:00,2002.75,Coordinate_Operation,1031,1046,Coordinate operation (transformation) method deprecated and replaced.
492,2002-12-21 00:00:00,2002.75,Coordinate_Operation,1032,1047,Coordinate operation (transformation) method deprecated and replaced.
493,2002-12-21 00:00:00,2002.75,Coordinate_Operation,1033,1048,Coordinate operation (transformation) method deprecated and replaced.
494,2002-12-21 00:00:00,2002.75,Coordinate_Operation,1034,1049,Coordinate operation (transformation) method deprecated and replaced.
495,2002-12-21 00:00:00,2002.75,Coordinate_Operation,1037,1050,Coordinate operation (transformation) method deprecated and replaced.
496,2002-12-21 00:00:00,2002.75,Coordinate_Operation,1038,1051,Coordinate operation (transformation) method deprecated and replaced.
497,2003-01-16 00:00:00,2003.02,Coordinate Reference System,21100,3001,Associated with incorrect datum resulting in map projection longitude being incompatible with prime meridian.
498,2003-01-16 00:00:00,2003.02,Coordinate Reference System,25700,3002,Associated with incorrect datum resulting in map projection longitude being incompatible with prime meridian.
499,2003-01-16 00:00:00,2003.02,Coordinate Reference System,2934,3000,Associated with incorrect datum resulting in map projection longitude being incompatible with prime meridian.
500,2003-01-16 00:00:00,2003.02,Coordinate Reference System,26591,3003,Associated with incorrect datum resulting in map projection longitude being incompatible with prime meridian.
502,2003-01-16 00:00:00,2003.02,Coordinate Reference System,26592,3004,Associated with incorrect datum resulting in map projection longitude being incompatible with prime meridian.
503,2003-01-16 00:00:00,2002.81,Coordinate Reference System,29635,20135,Unable to verify existance of this system.
504,2003-01-16 00:00:00,2002.81,Coordinate Reference System,29636,20136,Unable to verify existance of this system.
505,2003-01-16 00:00:00,2002.81,Coordinate Reference System,4296,4201,Unable to verify existance of this system.
506,2003-01-16 00:00:00,2002.81,Datum,6296,6201,Unable to verify existance of this system.
507,2003-01-21 00:00:00,2002.72,Coordinate_Operation,1791,1944,Incorrect target CRS.
508,2003-01-21 00:00:00,2002.72,Coordinate_Operation,1793,1945,Incorrect target CRS
509,2003-02-25 00:00:00,2003.08,Coordinate_Operation,1606,1947,Incorrect parameter file name.
510,2003-02-25 00:00:00,2003.08,Coordinate_Operation,1607,1948,Incorrect parameter file name.
511,2003-02-25 00:00:00,2003.08,Coordinate_Operation,1608,1949,Incorrect parameter file name.
512,2003-06-27 00:00:00,2002.48,Coordinate Reference System,2400,3021,Change of name to include Swedish rather than English abbreviation.
513,2003-06-27 00:00:00,2002.481,Coordinate Reference System,30800,3027,Change of name to include Swedish rather than English abbreviation.
514,2003-06-27 00:00:00,2002.62,Coordinate_Operation,1229,1956,"Wrong source CRS and therefore transform name. Caused by confusion between the Geodetic Datum of 1965 and TM65, the Mapping Adjustment of 1965."
515,2003-06-27 00:00:00,2002.62,Coordinate_Operation,1640,1953,"Wrong source CRS and therefore transform name. Caused by confusion between the Geodetic Datum of 1965 and TM65, the Mapping Adjustment of 1965."
516,2003-06-27 00:00:00,2002.621,Coordinate_Operation,5401,5406,Error in direction of transformation.
518,2003-08-14 00:00:00,2003.23,Coordinate_Operation,1889,1965,Error in spelling of transformation name.
519,2003-08-14 00:00:00,2003.24,Coordinate Reference System,4634,4662,Incorrect spelling of name.
520,2003-08-14 00:00:00,2003.24,Coordinate Reference System,2982,3060,Incorrect spelling of name.
521,2003-08-14 00:00:00,2003.24,Coordinate_Operation,1918,1962,Error in spelling of transformation name.
522,2003-08-14 00:00:00,2003.24,Coordinate_Operation,1929,1963,Error in spelling of transformation name.
523,2003-08-14 00:00:00,2003.25,Coordinate_Operation,1933,1964,Incorrect spelling of transformation name.
524,2003-08-14 00:00:00,2003.23,Coordinate_Operation,1945,1987,Approximation replaced by tfm derived from observed data.
525,2003-08-14 00:00:00,2003.23,Coordinate_Operation,1944,1988,Approximation replaced by tfm derived from observed data.
526,2003-11-28 00:00:00,2003.34,Coordinate_Operation,1789,1995,Incorrect spelling of transformation name
527,2003-12-23 00:00:00,2003.23,Coordinate_Operation,1792,1992,Error in dZ parameter value.
528,2003-12-23 00:00:00,2003.23,Coordinate_Operation,1790,1997,Error in rX parameter value.
529,2004-01-05 00:00:00,2003.38,Coordinate Reference System,4340,4930,Name changed to omit CRS kind and thereby reflect that in common usage.
530,2004-01-05 00:00:00,2003.38,Coordinate Reference System,4344,4932,Name changed to omit CRS kind and thereby reflect that in common usage.
531,2004-01-05 00:00:00,2003.38,Coordinate Reference System,4342,4934,Name changed to omit CRS kind and thereby reflect that in common usage.
532,2004-01-05 00:00:00,2003.38,Coordinate Reference System,4346,4936,Name changed to omit CRS kind and thereby reflect that in common usage.
533,2004-01-05 00:00:00,2003.38,Coordinate Reference System,4348,4938,Name changed to omit CRS kind and thereby reflect that in common usage.
534,2004-01-05 00:00:00,2003.38,Coordinate Reference System,4350,4940,Name changed to omit CRS kind and thereby reflect that in common usage.
535,2004-01-05 00:00:00,2003.38,Coordinate Reference System,4352,4942,Name changed to omit CRS kind and thereby reflect that in common usage.
536,2004-01-05 00:00:00,2003.38,Coordinate Reference System,4387,4944,Name changed to omit CRS kind and thereby reflect that in common usage.
537,2004-01-05 00:00:00,2003.38,Coordinate Reference System,4385,4919,Name changed to omit CRS kind and thereby reflect that in common usage.
538,2004-01-05 00:00:00,2003.38,Coordinate Reference System,4330,4910,Name changed to omit CRS kind and thereby reflect that in common usage.
539,2004-01-05 00:00:00,2003.38,Coordinate Reference System,4331,4911,Name changed to omit CRS kind and thereby reflect that in common usage.
540,2004-01-05 00:00:00,2003.38,Coordinate Reference System,4332,4912,Name changed to omit CRS kind and thereby reflect that in common usage.
541,2004-01-05 00:00:00,2003.38,Coordinate Reference System,4333,4913,Name changed to omit CRS kind and thereby reflect that in common usage.
542,2004-01-05 00:00:00,2003.38,Coordinate Reference System,4334,4914,Name changed to omit CRS kind and thereby reflect that in common usage.
543,2004-01-05 00:00:00,2003.38,Coordinate Reference System,4335,4915,Name changed to omit CRS kind and thereby reflect that in common usage.
544,2004-01-05 00:00:00,2003.38,Coordinate Reference System,4336,4916,Name changed to omit CRS kind and thereby reflect that in common usage.
545,2004-01-05 00:00:00,2003.38,Coordinate Reference System,4337,4917,Name changed to omit CRS kind and thereby reflect that in common usage.
546,2004-01-05 00:00:00,2003.38,Coordinate Reference System,4338,4918,Name changed to omit CRS kind and thereby reflect that in common usage.
547,2004-01-05 00:00:00,2003.38,Coordinate Reference System,4354,4946,Name changed to omit CRS kind and thereby reflect that in common usage.
548,2004-01-05 00:00:00,2003.38,Coordinate Reference System,4389,4948,Name changed to omit CRS kind and thereby reflect that in common usage.
549,2004-01-05 00:00:00,2003.38,Coordinate Reference System,4356,4950,Name changed to omit CRS kind and thereby reflect that in common usage.
550,2004-01-05 00:00:00,2003.38,Coordinate Reference System,4358,4952,Name changed to omit CRS kind and thereby reflect that in common usage.
551,2004-01-05 00:00:00,2003.38,Coordinate Reference System,4360,4954,Name changed to omit CRS kind and thereby reflect that in common usage.
552,2004-01-05 00:00:00,2003.38,Coordinate Reference System,4362,4956,Name changed to omit CRS kind and thereby reflect that in common usage.
553,2004-01-05 00:00:00,2003.38,Coordinate Reference System,4364,4958,Name changed to omit CRS kind and thereby reflect that in common usage.
554,2004-01-05 00:00:00,2003.38,Coordinate Reference System,4366,4960,Name changed to omit CRS kind and thereby reflect that in common usage.
555,2004-01-05 00:00:00,2003.38,Coordinate Reference System,4368,4962,Name changed to omit CRS kind and thereby reflect that in common usage.
556,2004-01-05 00:00:00,2003.38,Coordinate Reference System,4370,4964,Name changed to omit CRS kind and thereby reflect that in common usage.
557,2004-01-05 00:00:00,2003.38,Coordinate Reference System,4372,4966,Name changed to omit CRS kind and thereby reflect that in common usage.
558,2004-01-05 00:00:00,2003.38,Coordinate Reference System,4382,4968,Name changed to omit CRS kind and thereby reflect that in common usage.
559,2004-01-05 00:00:00,2003.38,Coordinate Reference System,4374,4970,Name changed to omit CRS kind and thereby reflect that in common usage.
560,2004-01-05 00:00:00,2003.38,Coordinate Reference System,4384,4972,Name changed to omit CRS kind and thereby reflect that in common usage.
561,2004-01-05 00:00:00,2003.38,Coordinate Reference System,4376,4974,Name changed to omit CRS kind and thereby reflect that in common usage.
562,2004-01-05 00:00:00,2003.38,Coordinate Reference System,4378,4976,Name changed to omit CRS kind and thereby reflect that in common usage.
563,2004-01-05 00:00:00,2003.38,Coordinate Reference System,4328,4978,Name changed to omit CRS kind and thereby reflect that in common usage.
564,2004-01-05 00:00:00,2003.38,Coordinate Reference System,4380,4980,Name changed to omit CRS kind and thereby reflect that in common usage.
567,2004-01-05 00:00:00,2003.38,Coordinate Reference System,4388,4949,Name changed to omit CRS kind and thereby reflect that in common usage.
568,2004-01-05 00:00:00,2003.38,Coordinate Reference System,4386,4945,Name changed to omit CRS kind and thereby reflect that in common usage.
569,2004-01-05 00:00:00,2003.38,Coordinate Reference System,4383,4973,Name changed to omit CRS kind and thereby reflect that in common usage.
570,2004-01-05 00:00:00,2003.38,Coordinate Reference System,4381,4969,Name changed to omit CRS kind and thereby reflect that in common usage.
571,2004-01-05 00:00:00,2003.38,Coordinate Reference System,4379,4981,Name changed to omit CRS kind and thereby reflect that in common usage.
572,2004-01-05 00:00:00,2003.38,Coordinate Reference System,4377,4977,Name changed to omit CRS kind and thereby reflect that in common usage.
573,2004-01-05 00:00:00,2003.38,Coordinate Reference System,4375,4975,Name changed to omit CRS kind and thereby reflect that in common usage.
574,2004-01-05 00:00:00,2003.38,Coordinate Reference System,4373,4971,Name changed to omit CRS kind and thereby reflect that in common usage.
575,2004-01-05 00:00:00,2003.38,Coordinate Reference System,4371,4967,Name changed to omit CRS kind and thereby reflect that in common usage.
576,2004-01-05 00:00:00,2003.38,Coordinate Reference System,4369,4965,Name changed to omit CRS kind and thereby reflect that in common usage.
577,2004-01-05 00:00:00,2003.38,Coordinate Reference System,4367,4963,Name changed to omit CRS kind and thereby reflect that in common usage.
578,2004-01-05 00:00:00,2003.38,Coordinate Reference System,4365,4961,Name changed to omit CRS kind and thereby reflect that in common usage.
579,2004-01-05 00:00:00,2003.38,Coordinate Reference System,4363,4959,Name changed to omit CRS kind and thereby reflect that in common usage.
580,2004-01-05 00:00:00,2003.38,Coordinate Reference System,4361,4957,Name changed to omit CRS kind and thereby reflect that in common usage.
581,2004-01-05 00:00:00,2003.38,Coordinate Reference System,4359,4955,Name changed to omit CRS kind and thereby reflect that in common usage.
582,2004-01-05 00:00:00,2003.38,Coordinate Reference System,4357,4953,Name changed to omit CRS kind and thereby reflect that in common usage.
583,2004-01-05 00:00:00,2003.38,Coordinate Reference System,4355,4951,Name changed to omit CRS kind and reference to ETRS89 and thereby reflect that in common usage.
584,2004-01-05 00:00:00,2003.38,Coordinate Reference System,4353,4947,Name changed to omit CRS kind and thereby reflect that in common usage.
585,2004-01-05 00:00:00,2003.38,Coordinate Reference System,4351,4943,Name changed to omit CRS kind and thereby reflect that in common usage.
586,2004-01-05 00:00:00,2003.38,Coordinate Reference System,4349,4941,Name changed to omit CRS kind and thereby reflect that in common usage.
587,2004-01-05 00:00:00,2003.38,Coordinate Reference System,4347,4939,Name changed to omit CRS kind and thereby reflect that in common usage.
588,2004-01-05 00:00:00,2003.38,Coordinate Reference System,4345,4937,Name changed to omit CRS kind and thereby reflect that in common usage.
589,2004-01-05 00:00:00,2003.38,Coordinate Reference System,4343,4933,Name changed to omit CRS kind and thereby reflect that in common usage.
590,2004-01-05 00:00:00,2003.38,Coordinate Reference System,4341,4935,Name changed to omit CRS kind and thereby reflect that in common usage.
591,2004-01-05 00:00:00,2003.38,Coordinate Reference System,4339,4931,Name changed to omit CRS kind and thereby reflect that in common usage.
592,2004-01-05 00:00:00,2003.38,Coordinate Reference System,4329,4979,Name changed to omit CRS kind and thereby reflect that in common usage.
593,2004-01-06 00:00:00,2003.38,Coordinate Reference System,4126,4669,Name changed to omit reference to ETRS89.
594,2004-01-07 00:00:00,2003.39,Coordinate Reference System,69046405,,EPSG no longer supports this system.
595,2004-01-07 00:00:00,2003.39,Coordinate Reference System,61206405,,EPSG no longer supports this system.
596,2004-01-07 00:00:00,2003.39,Coordinate Reference System,61216405,,EPSG no longer supports this system.
597,2004-01-07 00:00:00,2003.39,Coordinate Reference System,61226405,,EPSG no longer supports this system.
598,2004-01-07 00:00:00,2003.39,Coordinate Reference System,61236405,,EPSG no longer supports this system.
599,2004-01-07 00:00:00,2003.39,Coordinate Reference System,61246405,,EPSG no longer supports this system.
600,2004-01-07 00:00:00,2003.39,Coordinate Reference System,61266405,,EPSG no longer supports this system.
601,2004-01-07 00:00:00,2003.39,Coordinate Reference System,61266413,,EPSG no longer supports this system.
602,2004-01-07 00:00:00,2003.39,Coordinate Reference System,61276405,,EPSG no longer supports this system.
603,2004-01-07 00:00:00,2003.39,Coordinate Reference System,61286405,,EPSG no longer supports this system.
604,2004-01-07 00:00:00,2003.39,Coordinate Reference System,61296405,,EPSG no longer supports this system.
605,2004-01-07 00:00:00,2003.39,Coordinate Reference System,61306405,,EPSG no longer supports this system.
606,2004-01-07 00:00:00,2003.39,Coordinate Reference System,61306413,,EPSG no longer supports this system.
607,2004-01-07 00:00:00,2003.39,Coordinate Reference System,61316405,,EPSG no longer supports this system.
608,2004-01-07 00:00:00,2003.39,Coordinate Reference System,61326405,,EPSG no longer supports this system.
609,2004-01-07 00:00:00,2003.39,Coordinate Reference System,61336405,,EPSG no longer supports this system.
610,2004-01-07 00:00:00,2003.39,Coordinate Reference System,61346405,,EPSG no longer supports this system.
611,2004-01-07 00:00:00,2003.39,Coordinate Reference System,61356405,,EPSG no longer supports this system.
612,2004-01-07 00:00:00,2003.39,Coordinate Reference System,61366405,,EPSG no longer supports this system.
613,2004-01-07 00:00:00,2003.39,Coordinate Reference System,61376405,,EPSG no longer supports this system.
614,2004-01-07 00:00:00,2003.39,Coordinate Reference System,61386405,,EPSG no longer supports this system.
615,2004-01-07 00:00:00,2003.39,Coordinate Reference System,61396405,,EPSG no longer supports this system.
616,2004-01-07 00:00:00,2003.39,Coordinate Reference System,61406405,,EPSG no longer supports this system.
617,2004-01-07 00:00:00,2003.39,Coordinate Reference System,61406413,,EPSG no longer supports this system.
618,2004-01-07 00:00:00,2003.39,Coordinate Reference System,61416405,,EPSG no longer supports this system.
620,2004-01-07 00:00:00,2003.39,Coordinate Reference System,61426405,,EPSG no longer supports this system.
621,2004-01-07 00:00:00,2003.39,Coordinate Reference System,61436405,,EPSG no longer supports this system.
622,2004-01-07 00:00:00,2003.39,Coordinate Reference System,61446405,,EPSG no longer supports this system.
623,2004-01-07 00:00:00,2003.39,Coordinate Reference System,61456405,,EPSG no longer supports this system.
624,2004-01-07 00:00:00,2003.39,Coordinate Reference System,61466405,,EPSG no longer supports this system.
625,2004-01-07 00:00:00,2003.39,Coordinate Reference System,61476405,,EPSG no longer supports this system.
626,2004-01-07 00:00:00,2003.39,Coordinate Reference System,61486405,,EPSG no longer supports this system.
627,2004-01-07 00:00:00,2003.39,Coordinate Reference System,61486413,,EPSG no longer supports this system.
628,2004-01-07 00:00:00,2003.39,Coordinate Reference System,61496405,,EPSG no longer supports this system.
629,2004-01-07 00:00:00,2003.39,Coordinate Reference System,61506405,,EPSG no longer supports this system.
630,2004-01-07 00:00:00,2003.39,Coordinate Reference System,61516405,,EPSG no longer supports this system.
631,2004-01-07 00:00:00,2003.39,Coordinate Reference System,61516413,,EPSG no longer supports this system.
632,2004-01-07 00:00:00,2003.39,Coordinate Reference System,61526405,,EPSG no longer supports this system.
633,2004-01-07 00:00:00,2003.39,Coordinate Reference System,61526413,,EPSG no longer supports this system.
634,2004-01-07 00:00:00,2003.39,Coordinate Reference System,61536405,,EPSG no longer supports this system.
635,2004-01-07 00:00:00,2003.39,Coordinate Reference System,61546405,,EPSG no longer supports this system.
636,2004-01-07 00:00:00,2003.39,Coordinate Reference System,61556405,,EPSG no longer supports this system.
637,2004-01-07 00:00:00,2003.39,Coordinate Reference System,61566405,,EPSG no longer supports this system.
638,2004-01-07 00:00:00,2003.39,Coordinate Reference System,61576405,,EPSG no longer supports this system.
639,2004-01-07 00:00:00,2003.39,Coordinate Reference System,61586405,,EPSG no longer supports this system.
640,2004-01-07 00:00:00,2003.39,Coordinate Reference System,61596405,,EPSG no longer supports this system.
641,2004-01-07 00:00:00,2003.39,Coordinate Reference System,61606405,,EPSG no longer supports this system.
642,2004-01-07 00:00:00,2003.39,Coordinate Reference System,61616405,,EPSG no longer supports this system.
643,2004-01-07 00:00:00,2003.39,Coordinate Reference System,61626405,,EPSG no longer supports this system.
644,2004-01-07 00:00:00,2003.39,Coordinate Reference System,61636405,,EPSG no longer supports this system.
645,2004-01-07 00:00:00,2003.39,Coordinate Reference System,61636413,,EPSG no longer supports this system.
646,2004-01-07 00:00:00,2003.39,Coordinate Reference System,61646405,,EPSG no longer supports this system.
647,2004-01-07 00:00:00,2003.39,Coordinate Reference System,61656405,,EPSG no longer supports this system.
648,2004-01-07 00:00:00,2003.39,Coordinate Reference System,61666405,,EPSG no longer supports this system.
649,2004-01-07 00:00:00,2003.39,Coordinate Reference System,61676405,,EPSG no longer supports this system.
650,2004-01-07 00:00:00,2003.38,Coordinate Reference System,61676413,,EPSG no longer supports this system.
651,2004-01-07 00:00:00,2003.39,Coordinate Reference System,61686405,,EPSG no longer supports this system.
652,2004-01-07 00:00:00,2003.39,Coordinate Reference System,61696405,,EPSG no longer supports this system.
653,2004-01-07 00:00:00,2003.39,Coordinate Reference System,61706405,,EPSG no longer supports this system.
654,2004-01-07 00:00:00,2003.39,Coordinate Reference System,61706413,,EPSG no longer supports this system.
655,2004-01-07 00:00:00,2003.39,Coordinate Reference System,61716405,,EPSG no longer supports this system.
656,2004-01-07 00:00:00,2003.39,Coordinate Reference System,61716413,,EPSG no longer supports this system.
657,2004-01-07 00:00:00,2003.39,Coordinate Reference System,61736405,,EPSG no longer supports this system.
658,2004-01-07 00:00:00,2003.39,Coordinate Reference System,61736413,,EPSG no longer supports this system.
659,2004-01-07 00:00:00,2003.39,Coordinate Reference System,61746405,,EPSG no longer supports this system.
660,2004-01-07 00:00:00,2003.39,Coordinate Reference System,61756405,,EPSG no longer supports this system.
661,2004-01-07 00:00:00,2003.39,Coordinate Reference System,61766405,,EPSG no longer supports this system.
662,2004-01-07 00:00:00,2003.39,Coordinate Reference System,61766413,,EPSG no longer supports this system.
663,2004-01-07 00:00:00,2003.39,Coordinate Reference System,61786405,,EPSG no longer supports this system.
664,2004-01-07 00:00:00,2003.39,Coordinate Reference System,61796405,,EPSG no longer supports this system.
665,2004-01-07 00:00:00,2003.39,Coordinate Reference System,61806405,,EPSG no longer supports this system.
666,2004-01-07 00:00:00,2003.39,Coordinate Reference System,61806413,,EPSG no longer supports this system.
667,2004-01-07 00:00:00,2003.39,Coordinate Reference System,61816405,,EPSG no longer supports this system.
668,2004-01-07 00:00:00,2003.39,Coordinate Reference System,61826405,,EPSG no longer supports this system.
669,2004-01-07 00:00:00,2003.39,Coordinate Reference System,61836405,,EPSG no longer supports this system.
670,2004-01-07 00:00:00,2003.39,Coordinate Reference System,61846405,,EPSG no longer supports this system.
671,2004-01-07 00:00:00,2003.39,Coordinate Reference System,61886405,,EPSG no longer supports this system.
672,2004-01-07 00:00:00,2003.39,Coordinate Reference System,61896405,,EPSG no longer supports this system.
673,2004-01-07 00:00:00,2003.39,Coordinate Reference System,61896413,,EPSG no longer supports this system.
674,2004-01-07 00:00:00,2003.39,Coordinate Reference System,61906405,,EPSG no longer supports this system.
675,2004-01-07 00:00:00,2003.39,Coordinate Reference System,61906413,,EPSG no longer supports this system.
676,2004-01-07 00:00:00,2003.39,Coordinate Reference System,61916405,,EPSG no longer supports this system.
677,2004-01-07 00:00:00,2003.39,Coordinate Reference System,61926405,,EPSG no longer supports this system.
678,2004-01-07 00:00:00,2003.39,Coordinate Reference System,61936405,,EPSG no longer supports this system.
679,2004-01-07 00:00:00,2003.39,Coordinate Reference System,61946405,,EPSG no longer supports this system.
680,2004-01-07 00:00:00,2003.39,Coordinate Reference System,61956405,,EPSG no longer supports this system.
681,2004-01-07 00:00:00,2003.39,Coordinate Reference System,61966405,,EPSG no longer supports this system.
682,2004-01-07 00:00:00,2003.39,Coordinate Reference System,61976405,,EPSG no longer supports this system.
683,2004-01-07 00:00:00,2003.39,Coordinate Reference System,61986405,,EPSG no longer supports this system.
684,2004-01-07 00:00:00,2003.39,Coordinate Reference System,61996405,,EPSG no longer supports this system.
685,2004-01-07 00:00:00,2003.39,Coordinate Reference System,62006405,,EPSG no longer supports this system.
686,2004-01-07 00:00:00,2003.39,Coordinate Reference System,62016405,,EPSG no longer supports this system.
687,2004-01-07 00:00:00,2003.39,Coordinate Reference System,62026405,,EPSG no longer supports this system.
688,2004-01-07 00:00:00,2003.39,Coordinate Reference System,62036405,,EPSG no longer supports this system.
689,2004-01-07 00:00:00,2003.39,Coordinate Reference System,62046405,,EPSG no longer supports this system.
690,2004-01-07 00:00:00,2003.39,Coordinate Reference System,62056405,,EPSG no longer supports this system.
691,2004-01-07 00:00:00,2003.39,Coordinate Reference System,62066405,,EPSG no longer supports this system.
692,2004-01-07 00:00:00,2003.39,Coordinate Reference System,62076405,,EPSG no longer supports this system.
693,2004-01-07 00:00:00,2003.39,Coordinate Reference System,62086405,,EPSG no longer supports this system.
694,2004-01-07 00:00:00,2003.39,Coordinate Reference System,62096405,,EPSG no longer supports this system.
695,2004-01-07 00:00:00,2003.39,Coordinate Reference System,62106405,,EPSG no longer supports this system.
696,2004-01-07 00:00:00,2003.39,Coordinate Reference System,62116405,,EPSG no longer supports this system.
697,2004-01-07 00:00:00,2003.39,Coordinate Reference System,62126405,,EPSG no longer supports this system.
698,2004-01-07 00:00:00,2003.39,Coordinate Reference System,62136405,,EPSG no longer supports this system.
699,2004-01-07 00:00:00,2003.39,Coordinate Reference System,62146405,,EPSG no longer supports this system.
700,2004-01-07 00:00:00,2003.39,Coordinate Reference System,62156405,,EPSG no longer supports this system.
701,2004-01-07 00:00:00,2003.39,Coordinate Reference System,62166405,,EPSG no longer supports this system.
702,2004-01-07 00:00:00,2003.39,Coordinate Reference System,62186405,,EPSG no longer supports this system.
703,2004-01-07 00:00:00,2003.39,Coordinate Reference System,62196405,,EPSG no longer supports this system.
704,2004-01-07 00:00:00,2003.39,Coordinate Reference System,62206405,,EPSG no longer supports this system.
705,2004-01-07 00:00:00,2003.39,Coordinate Reference System,62216405,,EPSG no longer supports this system.
706,2004-01-07 00:00:00,2003.39,Coordinate Reference System,62226405,,EPSG no longer supports this system.
707,2004-01-07 00:00:00,2003.39,Coordinate Reference System,62236405,,EPSG no longer supports this system.
708,2004-01-07 00:00:00,2003.39,Coordinate Reference System,62246405,,EPSG no longer supports this system.
709,2004-01-07 00:00:00,2003.39,Coordinate Reference System,62256405,,EPSG no longer supports this system.
710,2004-01-07 00:00:00,2003.39,Coordinate Reference System,62276405,,EPSG no longer supports this system.
711,2004-01-07 00:00:00,2003.39,Coordinate Reference System,62296405,,EPSG no longer supports this system.
713,2004-01-07 00:00:00,2003.39,Coordinate Reference System,62306405,,EPSG no longer supports this system.
715,2004-01-07 00:00:00,2003.39,Coordinate Reference System,62316405,,EPSG no longer supports this system.
716,2004-01-07 00:00:00,2003.39,Coordinate Reference System,62326405,,EPSG no longer supports this system.
717,2004-01-07 00:00:00,2003.39,Coordinate Reference System,62336405,,EPSG no longer supports this system.
718,2004-01-07 00:00:00,2003.39,Coordinate Reference System,62366405,,EPSG no longer supports this system.
719,2004-01-07 00:00:00,2003.39,Coordinate Reference System,62376405,,EPSG no longer supports this system.
720,2004-01-07 00:00:00,2003.39,Coordinate Reference System,62386405,,EPSG no longer supports this system.
721,2004-01-07 00:00:00,2003.39,Coordinate Reference System,62396405,,EPSG no longer supports this system.
722,2004-01-07 00:00:00,2003.39,Coordinate Reference System,62406405,,EPSG no longer supports this system.
723,2004-01-07 00:00:00,2003.39,Coordinate Reference System,62416405,,EPSG no longer supports this system.
724,2004-01-07 00:00:00,2003.39,Coordinate Reference System,62426405,,EPSG no longer supports this system.
725,2004-01-07 00:00:00,2003.39,Coordinate Reference System,62436405,,EPSG no longer supports this system.
726,2004-01-07 00:00:00,2003.39,Coordinate Reference System,62446405,,EPSG no longer supports this system.
727,2004-01-07 00:00:00,2003.39,Coordinate Reference System,62456405,,EPSG no longer supports this system.
728,2004-01-07 00:00:00,2003.39,Coordinate Reference System,62466405,,EPSG no longer supports this system.
729,2004-01-07 00:00:00,2003.39,Coordinate Reference System,62476405,,EPSG no longer supports this system.
730,2004-01-07 00:00:00,2003.39,Coordinate Reference System,62486405,,EPSG no longer supports this system.
731,2004-01-07 00:00:00,2003.39,Coordinate Reference System,62496405,,EPSG no longer supports this system.
732,2004-01-07 00:00:00,2003.39,Coordinate Reference System,62506405,,EPSG no longer supports this system.
733,2004-01-07 00:00:00,2003.39,Coordinate Reference System,62516405,,EPSG no longer supports this system.
734,2004-01-07 00:00:00,2003.39,Coordinate Reference System,62526405,,EPSG no longer supports this system.
735,2004-01-07 00:00:00,2003.39,Coordinate Reference System,62536405,,EPSG no longer supports this system.
736,2004-01-07 00:00:00,2003.39,Coordinate Reference System,62546405,,EPSG no longer supports this system.
737,2004-01-07 00:00:00,2003.39,Coordinate Reference System,62556405,,EPSG no longer supports this system.
738,2004-01-07 00:00:00,2003.39,Coordinate Reference System,62566405,,EPSG no longer supports this system.
739,2004-01-07 00:00:00,2003.39,Coordinate Reference System,62576405,,EPSG no longer supports this system.
740,2004-01-07 00:00:00,2003.39,Coordinate Reference System,62586405,,EPSG no longer supports this system.
741,2004-01-07 00:00:00,2003.39,Coordinate Reference System,62586413,,EPSG no longer supports this system.
742,2004-01-07 00:00:00,2003.39,Coordinate Reference System,62596405,,EPSG no longer supports this system.
743,2004-01-07 00:00:00,2003.39,Coordinate Reference System,62616405,,EPSG no longer supports this system.
744,2004-01-07 00:00:00,2003.39,Coordinate Reference System,62626405,,EPSG no longer supports this system.
745,2004-01-07 00:00:00,2003.39,Coordinate Reference System,62636405,,EPSG no longer supports this system.
746,2004-01-07 00:00:00,2003.39,Coordinate Reference System,62646405,,EPSG no longer supports this system.
747,2004-01-07 00:00:00,2003.39,Coordinate Reference System,62656405,,EPSG no longer supports this system.
748,2004-01-07 00:00:00,2003.39,Coordinate Reference System,62666405,,EPSG no longer supports this system.
749,2004-01-07 00:00:00,2003.39,Coordinate Reference System,62676405,,EPSG no longer supports this system.
750,2004-01-07 00:00:00,2003.39,Coordinate Reference System,62686405,,EPSG no longer supports this system.
751,2004-01-07 00:00:00,2003.39,Coordinate Reference System,62696405,,EPSG no longer supports this system.
752,2004-01-07 00:00:00,2003.39,Coordinate Reference System,62706405,,EPSG no longer supports this system.
753,2004-01-07 00:00:00,2003.39,Coordinate Reference System,62716405,,EPSG no longer supports this system.
754,2004-01-07 00:00:00,2003.39,Coordinate Reference System,62726405,,EPSG no longer supports this system.
755,2004-01-07 00:00:00,2003.39,Coordinate Reference System,62736405,,EPSG no longer supports this system.
756,2004-01-07 00:00:00,2003.39,Coordinate Reference System,62746405,,EPSG no longer supports this system.
757,2004-01-07 00:00:00,2003.39,Coordinate Reference System,62756405,,EPSG no longer supports this system.
758,2004-01-07 00:00:00,2003.39,Coordinate Reference System,62766405,,EPSG no longer supports this system.
759,2004-01-07 00:00:00,2003.39,Coordinate Reference System,62776405,,EPSG no longer supports this system.
760,2004-01-07 00:00:00,2003.39,Coordinate Reference System,62786405,,EPSG no longer supports this system.
761,2004-01-07 00:00:00,2003.39,Coordinate Reference System,62796405,,EPSG no longer supports this system.
762,2004-01-07 00:00:00,2003.39,Coordinate Reference System,62806405,,EPSG no longer supports this system.
764,2004-01-07 00:00:00,2003.39,Coordinate Reference System,62816405,,EPSG no longer supports this system.
765,2004-01-07 00:00:00,2003.39,Coordinate Reference System,62826405,,EPSG no longer supports this system.
766,2004-01-07 00:00:00,2003.39,Coordinate Reference System,62836405,,EPSG no longer supports this system.
767,2004-01-07 00:00:00,2003.39,Coordinate Reference System,62846405,,EPSG no longer supports this system.
768,2004-01-07 00:00:00,2003.39,Coordinate Reference System,62836413,,EPSG no longer supports this system.
769,2004-01-07 00:00:00,2003.39,Coordinate Reference System,62856405,,EPSG no longer supports this system.
770,2004-01-07 00:00:00,2003.39,Coordinate Reference System,62866405,,EPSG no longer supports this system.
771,2004-01-07 00:00:00,2003.39,Coordinate Reference System,62886405,,EPSG no longer supports this system.
772,2004-01-07 00:00:00,2003.39,Coordinate Reference System,62896405,,EPSG no longer supports this system.
773,2004-01-07 00:00:00,2003.39,Coordinate Reference System,62926405,,EPSG no longer supports this system.
774,2004-01-07 00:00:00,2003.39,Coordinate Reference System,62936405,,EPSG no longer supports this system.
775,2004-01-07 00:00:00,2003.39,Coordinate Reference System,62956405,,EPSG no longer supports this system.
776,2004-01-07 00:00:00,2003.39,Coordinate Reference System,62976405,,EPSG no longer supports this system.
777,2004-01-07 00:00:00,2003.39,Coordinate Reference System,62986405,,EPSG no longer supports this system.
778,2004-01-07 00:00:00,2003.39,Coordinate Reference System,62996405,,EPSG no longer supports this system.
779,2004-01-07 00:00:00,2003.39,Coordinate Reference System,63006405,,EPSG no longer supports this system.
780,2004-01-07 00:00:00,2003.39,Coordinate Reference System,63016405,,EPSG no longer supports this system.
781,2004-01-07 00:00:00,2003.39,Coordinate Reference System,63026405,,EPSG no longer supports this system.
782,2004-01-07 00:00:00,2003.39,Coordinate Reference System,63036405,,EPSG no longer supports this system.
783,2004-01-07 00:00:00,2003.39,Coordinate Reference System,63046405,,EPSG no longer supports this system.
784,2004-01-07 00:00:00,2003.39,Coordinate Reference System,63066405,,EPSG no longer supports this system.
785,2004-01-07 00:00:00,2003.39,Coordinate Reference System,63076405,,EPSG no longer supports this system.
786,2004-01-07 00:00:00,2003.39,Coordinate Reference System,63086405,,EPSG no longer supports this system.
787,2004-01-07 00:00:00,2003.39,Coordinate Reference System,63096405,,EPSG no longer supports this system.
788,2004-01-07 00:00:00,2003.39,Coordinate Reference System,63106405,,EPSG no longer supports this system.
789,2004-01-07 00:00:00,2003.39,Coordinate Reference System,63116405,,EPSG no longer supports this system.
790,2004-01-07 00:00:00,2003.39,Coordinate Reference System,63126405,,EPSG no longer supports this system.
791,2004-01-07 00:00:00,2003.39,Coordinate Reference System,63136405,,EPSG no longer supports this system.
792,2004-01-07 00:00:00,2003.39,Coordinate Reference System,63146405,,EPSG no longer supports this system.
793,2004-01-07 00:00:00,2003.39,Coordinate Reference System,63156405,,EPSG no longer supports this system.
794,2004-01-07 00:00:00,2003.39,Coordinate Reference System,63166405,,EPSG no longer supports this system.
795,2004-01-07 00:00:00,2003.39,Coordinate Reference System,63176405,,EPSG no longer supports this system.
796,2004-01-07 00:00:00,2003.39,Coordinate Reference System,63186405,,EPSG no longer supports this system.
797,2004-01-07 00:00:00,2003.39,Coordinate Reference System,63196405,,EPSG no longer supports this system.
798,2004-01-07 00:00:00,2003.39,Coordinate Reference System,63226405,,EPSG no longer supports this system.
799,2004-01-07 00:00:00,2003.39,Coordinate Reference System,63246405,,EPSG no longer supports this system.
800,2004-01-07 00:00:00,2003.39,Coordinate Reference System,63266405,,EPSG no longer supports this system.
801,2004-01-07 00:00:00,2003.39,Coordinate Reference System,63266406,,EPSG no longer supports this system.
802,2004-01-07 00:00:00,2003.39,Coordinate Reference System,63266407,,EPSG no longer supports this system.
803,2004-01-07 00:00:00,2003.39,Coordinate Reference System,63266408,,EPSG no longer supports this system.
804,2004-01-07 00:00:00,2003.39,Coordinate Reference System,63266409,,EPSG no longer supports this system.
805,2004-01-07 00:00:00,2003.39,Coordinate Reference System,63266410,,EPSG no longer supports this system.
806,2004-01-07 00:00:00,2003.39,Coordinate Reference System,63266411,,EPSG no longer supports this system.
807,2004-01-07 00:00:00,2003.39,Coordinate Reference System,63266412,,EPSG no longer supports this system.
808,2004-01-07 00:00:00,2003.39,Coordinate Reference System,63266413,,EPSG no longer supports this system.
809,2004-01-07 00:00:00,2003.39,Coordinate Reference System,63266414,,EPSG no longer supports this system.
810,2004-01-07 00:00:00,2003.39,Coordinate Reference System,63266415,,EPSG no longer supports this system.
811,2004-01-07 00:00:00,2003.39,Coordinate Reference System,63266416,,EPSG no longer supports this system.
812,2004-01-07 00:00:00,2003.39,Coordinate Reference System,63266417,,EPSG no longer supports this system.
813,2004-01-07 00:00:00,2003.39,Coordinate Reference System,63266418,,EPSG no longer supports this system.
814,2004-01-07 00:00:00,2003.39,Coordinate Reference System,63266419,,EPSG no longer supports this system.
815,2004-01-07 00:00:00,2003.39,Coordinate Reference System,63266420,,EPSG no longer supports this system.
816,2004-01-07 00:00:00,2003.39,Coordinate Reference System,66006405,,EPSG no longer supports this system.
817,2004-01-07 00:00:00,2003.39,Coordinate Reference System,66016405,,EPSG no longer supports this system.
818,2004-01-07 00:00:00,2003.39,Coordinate Reference System,66026405,,EPSG no longer supports this system.
819,2004-01-07 00:00:00,2003.39,Coordinate Reference System,66036405,,EPSG no longer supports this system.
820,2004-01-07 00:00:00,2003.39,Coordinate Reference System,66046405,,EPSG no longer supports this system.
821,2004-01-07 00:00:00,2003.39,Coordinate Reference System,66056405,,EPSG no longer supports this system.
822,2004-01-07 00:00:00,2003.39,Coordinate Reference System,66066405,,EPSG no longer supports this system.
823,2004-01-07 00:00:00,2003.39,Coordinate Reference System,66076405,,EPSG no longer supports this system.
824,2004-01-07 00:00:00,2003.39,Coordinate Reference System,66086405,,EPSG no longer supports this system.
825,2004-01-07 00:00:00,2003.39,Coordinate Reference System,66096405,,EPSG no longer supports this system.
826,2004-01-07 00:00:00,2003.39,Coordinate Reference System,66106405,,EPSG no longer supports this system.
827,2004-01-07 00:00:00,2003.39,Coordinate Reference System,66116405,,EPSG no longer supports this system.
828,2004-01-07 00:00:00,2003.39,Coordinate Reference System,66126405,,EPSG no longer supports this system.
829,2004-01-07 00:00:00,2003.39,Coordinate Reference System,66126413,,EPSG no longer supports this system.
830,2004-01-07 00:00:00,2003.39,Coordinate Reference System,66136405,,EPSG no longer supports this system.
831,2004-01-07 00:00:00,2003.39,Coordinate Reference System,66146405,,EPSG no longer supports this system.
832,2004-01-07 00:00:00,2003.39,Coordinate Reference System,66156405,,EPSG no longer supports this system.
833,2004-01-07 00:00:00,2003.39,Coordinate Reference System,66166405,,EPSG no longer supports this system.
834,2004-01-07 00:00:00,2003.39,Coordinate Reference System,66186405,,EPSG no longer supports this system.
835,2004-01-07 00:00:00,2003.39,Coordinate Reference System,66196405,,EPSG no longer supports this system.
836,2004-01-07 00:00:00,2003.39,Coordinate Reference System,66196413,,EPSG no longer supports this system.
837,2004-01-07 00:00:00,2003.39,Coordinate Reference System,66206405,,EPSG no longer supports this system.
838,2004-01-07 00:00:00,2003.39,Coordinate Reference System,66216405,,EPSG no longer supports this system.
839,2004-01-07 00:00:00,2003.39,Coordinate Reference System,66226405,,EPSG no longer supports this system.
840,2004-01-07 00:00:00,2003.39,Coordinate Reference System,66236405,,EPSG no longer supports this system.
841,2004-01-07 00:00:00,2003.39,Coordinate Reference System,66246405,,EPSG no longer supports this system.
842,2004-01-07 00:00:00,2003.39,Coordinate Reference System,66246413,,EPSG no longer supports this system.
843,2004-01-07 00:00:00,2003.39,Coordinate Reference System,66256405,,EPSG no longer supports this system.
844,2004-01-07 00:00:00,2003.39,Coordinate Reference System,66266405,,EPSG no longer supports this system.
845,2004-01-07 00:00:00,2003.39,Coordinate Reference System,66276405,,EPSG no longer supports this system.
846,2004-01-07 00:00:00,2003.39,Coordinate Reference System,66276413,,EPSG no longer supports this system.
847,2004-01-07 00:00:00,2003.39,Coordinate Reference System,66286405,,EPSG no longer supports this system.
848,2004-01-07 00:00:00,2003.39,Coordinate Reference System,66296405,,EPSG no longer supports this system.
849,2004-01-07 00:00:00,2003.39,Coordinate Reference System,66306405,,EPSG no longer supports this system.
850,2004-01-07 00:00:00,2003.39,Coordinate Reference System,66316405,,EPSG no longer supports this system.
851,2004-01-07 00:00:00,2003.39,Coordinate Reference System,66326405,,EPSG no longer supports this system.
852,2004-01-07 00:00:00,2003.39,Coordinate Reference System,66336405,,EPSG no longer supports this system.
853,2004-01-07 00:00:00,2003.39,Coordinate Reference System,66346405,,EPSG no longer supports this system.
854,2004-01-07 00:00:00,2003.39,Coordinate Reference System,66356405,,EPSG no longer supports this system.
855,2004-01-07 00:00:00,2003.39,Coordinate Reference System,66366405,,EPSG no longer supports this system.
856,2004-01-07 00:00:00,2003.39,Coordinate Reference System,66376405,,EPSG no longer supports this system.
857,2004-01-07 00:00:00,2003.39,Coordinate Reference System,66386405,,EPSG no longer supports this system.
858,2004-01-07 00:00:00,2003.39,Coordinate Reference System,66396405,,EPSG no longer supports this system.
859,2004-01-07 00:00:00,2003.39,Coordinate Reference System,66406405,,EPSG no longer supports this system.
860,2004-01-07 00:00:00,2003.39,Coordinate Reference System,66406413,,EPSG no longer supports this system.
861,2004-01-07 00:00:00,2003.39,Coordinate Reference System,66416405,,EPSG no longer supports this system.
862,2004-01-07 00:00:00,2003.39,Coordinate Reference System,66426405,,EPSG no longer supports this system.
863,2004-01-07 00:00:00,2003.39,Coordinate Reference System,66436405,,EPSG no longer supports this system.
864,2004-01-07 00:00:00,2003.39,Coordinate Reference System,66446405,,EPSG no longer supports this system.
865,2004-01-07 00:00:00,2003.39,Coordinate Reference System,66456405,,EPSG no longer supports this system.
866,2004-01-07 00:00:00,2003.39,Coordinate Reference System,66456413,,EPSG no longer supports this system.
867,2004-01-07 00:00:00,2003.39,Coordinate Reference System,66466405,,EPSG no longer supports this system.
868,2004-01-07 00:00:00,2003.39,Coordinate Reference System,66576405,,EPSG no longer supports this system.
869,2004-01-07 00:00:00,2003.39,Coordinate Reference System,66586405,,EPSG no longer supports this system.
870,2004-01-07 00:00:00,2003.39,Coordinate Reference System,66596405,,EPSG no longer supports this system.
871,2004-01-07 00:00:00,2003.39,Coordinate Reference System,66596413,,EPSG no longer supports this system.
872,2004-01-07 00:00:00,2003.39,Coordinate Reference System,66606405,,EPSG no longer supports this system.
873,2004-01-07 00:00:00,2003.39,Coordinate Reference System,66616405,,EPSG no longer supports this system.
874,2004-01-07 00:00:00,2003.39,Coordinate Reference System,66616413,,EPSG no longer supports this system.
875,2004-01-07 00:00:00,2003.39,Coordinate Reference System,66636405,,EPSG no longer supports this system.
876,2004-01-07 00:00:00,2003.39,Coordinate Reference System,66646405,,EPSG no longer supports this system.
877,2004-01-07 00:00:00,2003.39,Coordinate Reference System,66656405,,EPSG no longer supports this system.
878,2004-01-07 00:00:00,2003.39,Coordinate Reference System,66666405,,EPSG no longer supports this system.
879,2004-01-07 00:00:00,2003.39,Coordinate Reference System,66676405,,EPSG no longer supports this system.
881,2004-01-07 00:00:00,2003.39,Coordinate Reference System,68016405,,EPSG no longer supports this system.
882,2004-01-07 00:00:00,2003.39,Coordinate Reference System,68026405,,EPSG no longer supports this system.
883,2004-01-07 00:00:00,2003.39,Coordinate Reference System,68036405,,EPSG no longer supports this system.
884,2004-01-07 00:00:00,2003.39,Coordinate Reference System,68046405,,EPSG no longer supports this system.
885,2004-01-07 00:00:00,2003.39,Coordinate Reference System,68056405,,EPSG no longer supports this system.
886,2004-01-07 00:00:00,2003.39,Coordinate Reference System,68066405,,EPSG no longer supports this system.
887,2004-01-07 00:00:00,2003.39,Coordinate Reference System,68086405,,EPSG no longer supports this system.
888,2004-01-07 00:00:00,2003.39,Coordinate Reference System,68096405,,EPSG no longer supports this system.
889,2004-01-07 00:00:00,2003.39,Coordinate Reference System,68136405,,EPSG no longer supports this system.
890,2004-01-07 00:00:00,2003.39,Coordinate Reference System,68146405,,EPSG no longer supports this system.
891,2004-01-07 00:00:00,2003.39,Coordinate Reference System,68156405,,EPSG no longer supports this system.
892,2004-01-07 00:00:00,2003.39,Coordinate Reference System,68186405,,EPSG no longer supports this system.
893,2004-01-07 00:00:00,2003.39,Coordinate Reference System,68206405,,EPSG no longer supports this system.
894,2004-01-07 00:00:00,2003.39,Coordinate Reference System,69036405,,EPSG no longer supports this system.
895,2004-01-07 00:00:00,2004.02,Coordinate_Operation,1961,1999,Error in rZ parameter value.
896,2004-01-06 00:00:00,2003.39,Coordinate_Operation,101,,No longer supported by EPSG.
897,2004-01-06 00:00:00,2003.39,Coordinate_Operation,102,,No longer supported by EPSG.
898,2004-01-06 00:00:00,2003.39,Coordinate_Operation,103,,No longer supported by EPSG.
899,2004-01-06 00:00:00,2003.39,Coordinate_Operation,104,,No longer supported by EPSG.
900,2004-01-06 00:00:00,2003.38,Coordinate_Operation,105,,No longer supported by EPSG.
901,2004-01-06 00:00:00,2003.39,Coordinate_Operation,106,,No longer supported by EPSG.
902,2004-01-06 00:00:00,2003.39,Coordinate_Operation,107,,No longer supported by EPSG.
903,2004-01-06 00:00:00,2003.39,Coordinate_Operation,108,,No longer supported by EPSG.
904,2004-01-08 00:00:00,2003.365,Coordinate Reference System,4819,,System used in degrees with respect to Greenwich (code 4307).
906,2004-01-08 00:00:00,2003.365,Datum,6819,,System used in degrees with respect to Greenwich (code 6307).
907,2004-01-08 00:00:00,2004.03,Coordinate_Operation,1770,1095,Error in transformation variant and name.
908,2004-01-08 00:00:00,2004.03,Coordinate_Operation,1772,1096,Error in transformation variant and name.
909,2004-01-06 00:00:00,2003.39,Coordinate_Operation Method,9637,,No longer supported by EPSG.
910,2004-01-06 00:00:00,2003.39,Coordinate_Operation Method,9638,,No longer supported by EPSG.
911,2004-01-06 00:00:00,2003.39,Coordinate_Operation Method,9639,,No longer supported by EPSG.
912,2004-01-06 00:00:00,2003.39,Coordinate_Operation Method,9640,,No longer supported by EPSG.
913,2004-01-06 00:00:00,2003.39,Coordinate_Operation Method,9641,,No longer supported by EPSG.
914,2004-01-06 00:00:00,2003.39,Coordinate_Operation Method,9642,,No longer supported by EPSG.
915,2004-01-06 00:00:00,2003.39,Coordinate_Operation Method,9643,,No longer supported by EPSG.
916,2004-01-06 00:00:00,2003.39,Coordinate_Operation Method,9644,,No longer supported by EPSG.
917,2004-01-06 00:00:00,2003.39,Coordinate System,6401,,No longer supported by EPSG.
918,2004-01-06 00:00:00,2003.39,Coordinate System,6402,,No longer supported by EPSG.
919,2004-01-06 00:00:00,2003.39,Coordinate System,6406,,No longer supported by EPSG.
920,2004-01-06 00:00:00,2003.39,Coordinate System,6405,,No longer supported by EPSG.
921,2004-01-06 00:00:00,2003.39,Coordinate System,6407,,No longer supported by EPSG.
922,2004-01-06 00:00:00,2003.39,Coordinate System,6408,,No longer supported by EPSG.
923,2004-01-06 00:00:00,2003.39,Coordinate System,6409,,No longer supported by EPSG.
924,2004-01-06 00:00:00,2003.39,Coordinate System,6410,,No longer supported by EPSG.
925,2004-01-06 00:00:00,2003.39,Coordinate System,6411,,No longer supported by EPSG.
926,2004-01-06 00:00:00,2003.39,Coordinate System,6412,,No longer supported by EPSG.
927,2004-01-06 00:00:00,2003.39,Coordinate System,6413,,No longer supported by EPSG.
928,2004-01-06 00:00:00,2003.39,Coordinate System,6414,,No longer supported by EPSG.
929,2004-01-06 00:00:00,2003.39,Coordinate System,6415,,No longer supported by EPSG.
930,2004-01-06 00:00:00,2003.39,Coordinate System,6416,,No longer supported by EPSG.
931,2004-01-06 00:00:00,2003.39,Coordinate System,6417,,No longer supported by EPSG.
932,2004-01-06 00:00:00,2003.39,Coordinate System,6418,,No longer supported by EPSG.
933,2004-01-06 00:00:00,2003.39,Coordinate System,6419,,No longer supported by EPSG.
934,2004-01-06 00:00:00,2003.39,Coordinate System,6420,,No longer supported by EPSG.
